,compute,seq_loop_status1.csv
,tile_k,seq_loop_status2.csv
,store_Y,seq_loop_status3.csv
,tile_m_tile_n,seq_loop_status4.csv
grp_gemm_int8_Pipeline_load_X_VITIS_LOOP_30_1_fu_1634,load_X_VITIS_LOOP_30_1,upc_loop_status1.csv
grp_gemm_int8_Pipeline_init_acc_VITIS_LOOP_46_2_fu_1642,init_acc_VITIS_LOOP_46_2,upc_loop_status2.csv
grp_gemm_int8_Pipeline_load_Xtile_VITIS_LOOP_62_3_fu_1678,load_Xtile_VITIS_LOOP_62_3,upc_loop_status3.csv
grp_gemm_int8_Pipeline_VITIS_LOOP_70_4_fu_1718,load_Wtile_VITIS_LOOP_70_4,upc_loop_status4.csv
grp_gemm_int8_Pipeline_VITIS_LOOP_78_5_fu_1759,VITIS_LOOP_78_5,upc_loop_status5.csv
grp_gemm_int8_Pipeline_VITIS_LOOP_92_7_fu_1924,VITIS_LOOP_92_7,upc_loop_status6.csv
